div_class,log_rel_part,violent_flank,camp_backlash,total_part,wdrwl_support,camp_duration,fatalities_range,indiscrim,sec_defect,year,state_defect,div_ethnicity,sdirect,ab_internat,camp_support,camp_structure,camp_orgs,dom_media,camp_goals,media_outreach,id,success
0.0,0.008229385646048649,2.0,3.0,148433.33333333334,0.0,3,3.0,1.0,1.0,1991,0.0,0.0,0.0,1.0,0.0,0.0,2.0,2.0,0.0,1.0,1,1
1.0,0.006589726128855062,0.0,3.0,4125.0,0.0,4,3.0,1.0,0.0,1991,1.0,0.0,0.0,1.0,0.0,1.0,1.0,2.0,0.0,1.0,2,0
1.0,0.004493952868141353,0.0,3.0,51950.0,0.0,10,6.0,1.0,1.0,1979,0.0,1.0,1.0,1.0,1.0,0.0,11.0,2.0,5.0,1.0,3,1
1.0,0.0007344061133034561,0.0,3.0,10000.0,0.0,1,5.0,0.0,1.0,1978,0.0,0.0,0.0,0.0,0.0,0.0,3.0,0.0,0.0,0.0,4,1
0.0,0.015695688854480996,2.0,3.0,171667.0,0.0,3,2.0,1.0,0.0,1989,1.0,0.0,0.0,1.0,0.0,0.0,2.0,2.0,0.0,1.0,5,1
1.0,0.0030237229119127367,2.0,3.0,32472.727272727272,1.0,11,6.0,1.0,1.0,1952,0.0,0.0,0.0,1.0,1.0,1.0,2.0,2.0,5.0,1.0,6,1
1.0,0.00021560112048779013,2.0,3.0,5000.0,1.0,2,3.0,1.0,0.0,1990,0.0,0.0,1.0,1.0,1.0,1.0,3.0,2.0,0.0,1.0,7,1
1.0,0.0017030564290952933,2.0,3.0,17500.0,1.0,2,3.0,1.0,1.0,1992,1.0,1.0,0.0,1.0,0.0,0.0,6.0,2.0,2.0,1.0,8,1
0.0,0.010203823162508145,1.0,1.0,1100000.0,0.0,1,0.0,0.0,0.0,2006,0.0,1.0,0.0,1.0,0.0,1.0,5.0,2.0,0.0,0.0,10,0
1.0,0.01947047670831486,0.0,3.0,450000.0,0.0,1,5.0,1.0,1.0,1989,1.0,1.0,0.0,1.0,1.0,0.0,0.0,0.0,0.0,1.0,11,1
1.0,0.0002905094646141983,1.0,3.0,3000.0,0.0,1,1.0,1.0,0.0,2001,1.0,1.0,0.0,1.0,1.0,1.0,1.0,2.0,2.0,1.0,12,1
1.0,0.0009525707745844974,2.0,0.0,9500.0,0.0,1,0.0,0.0,0.0,2000,1.0,1.0,0.0,1.0,0.0,1.0,1.0,2.0,0.0,1.0,13,1
0.0,0.0013817580682858798,0.0,3.0,3250.0,0.0,2,5.0,1.0,1.0,1989,0.0,0.0,0.0,1.0,1.0,1.0,1.0,2.0,0.0,0.0,14,1
1.0,0.0031213175666064785,2.0,3.0,19750.0,1.0,2,3.0,1.0,1.0,1985,1.0,1.0,1.0,1.0,1.0,0.0,3.0,0.0,0.0,0.0,15,1
1.0,0.009355190815957926,1.0,3.0,250000.0,0.0,1,0.0,0.0,1.0,2000,1.0,1.0,0.0,1.0,1.0,1.0,4.0,2.0,0.0,1.0,16,1
1.0,0.020504449864628897,2.0,3.0,75000.5,0.0,6,1.0,1.0,0.0,2003,1.0,0.0,1.0,1.0,0.0,0.0,2.0,2.0,0.0,1.0,17,1
1.0,0.02126074673230821,2.0,3.0,2000000.0,0.0,1,1.0,1.0,1.0,1985,1.0,1.0,1.0,1.0,0.0,1.0,7.0,2.0,0.0,1.0,18,1
1.0,0.0027604213685448126,2.0,3.0,20831.0,0.0,2,4.0,0.0,1.0,1957,1.0,1.0,0.0,0.0,1.0,0.0,4.0,1.0,0.0,0.0,19,1
1.0,0.01935499737574345,2.0,3.0,1750000.0,0.0,2,4.0,1.0,1.0,1968,1.0,1.0,0.0,0.0,0.0,1.0,11.0,2.0,0.0,1.0,21,0
1.0,0.003876348019881029,0.0,3.0,20000.0,0.0,2,6.0,1.0,1.0,1978,0.0,0.0,0.0,0.0,1.0,1.0,2.0,1.0,0.0,1.0,22,1
1.0,0.00914463591333317,1.0,3.0,105400.0,1.0,5,1.0,1.0,1.0,1996,1.0,1.0,1.0,1.0,1.0,0.0,11.0,2.0,0.0,1.0,23,1
1.0,0.02126074673230821,2.0,2.0,750000.0,1.0,3,2.0,1.0,1.0,1987,1.0,1.0,1.0,1.0,1.0,0.0,5.0,0.0,0.0,0.0,24,0
1.0,0.003214606826012064,2.0,3.0,285866.6666666667,0.0,15,4.0,1.0,0.0,1986,1.0,0.0,0.0,1.0,1.0,0.0,6.0,2.0,0.0,0.0,25,1
1.0,0.011252929567022493,2.0,3.0,243857.57142857142,1.0,7,3.0,1.0,1.0,1983,1.0,1.0,1.0,1.0,1.0,0.0,4.0,2.0,0.0,1.0,26,1
1.0,0.008525426386363213,0.0,1.0,14500.0,0.0,1,5.0,1.0,1.0,1958,1.0,1.0,0.0,1.0,1.0,0.0,5.0,2.0,0.0,0.0,28,0
1.0,0.0010613222573705667,2.0,3.0,221666.66666666666,0.0,3,5.0,1.0,1.0,1996,1.0,1.0,0.0,1.0,1.0,0.0,11.0,2.0,0.0,0.0,29,1
1.0,0.001053410213425857,1.0,0.0,70000.0,0.0,2,0.0,0.0,1.0,2005,1.0,0.0,0.0,1.0,0.0,0.0,1.0,2.0,0.0,1.0,30,1
0.0,0.0011424284461188051,0.0,3.0,12000.0,0.0,11,5.0,1.0,1.0,1962,1.0,1.0,0.0,0.0,1.0,0.0,3.0,1.0,3.0,0.0,31,0
0.0,0.012701904470370244,1.0,3.0,400000.0,0.0,1,0.0,0.0,1.0,1987,0.0,0.0,0.0,1.0,0.0,1.0,1.0,2.0,1.0,0.0,32,1
1.0,0.006505618693887314,2.0,3.0,2583285.8571428573,1.0,7,5.0,1.0,0.0,1977,0.0,0.0,1.0,1.0,0.0,0.0,2.0,2.0,0.0,1.0,33,1
1.0,0.00019675430044269808,0.0,3.0,1600.1666666666667,0.0,6,4.0,0.0,1.0,1958,1.0,0.0,0.0,0.0,1.0,0.0,2.0,1.0,0.0,0.0,34,0
1.0,0.0016792932315107866,0.0,3.0,12500.0,0.0,4,5.0,0.0,1.0,1991,1.0,0.0,0.0,1.0,1.0,1.0,0.0,2.0,3.0,0.0,35,0
0.0,0.0005448332642722789,0.0,3.0,38500.0,0.0,5,5.0,1.0,0.0,1973,0.0,0.0,0.0,1.0,1.0,1.0,1.0,0.0,4.0,0.0,36,0
1.0,0.0003087398327742589,2.0,3.0,34000.25,0.0,4,3.0,1.0,1.0,1987,1.0,0.0,0.0,1.0,0.0,0.0,11.0,2.0,0.0,1.0,37,1
1.0,0.008601357273233688,1.0,3.0,88250.0,1.0,4,0.0,1.0,0.0,1988,1.0,1.0,0.0,1.0,0.0,1.0,11.0,2.0,0.0,1.0,38,1
0.0,0.0014008345876078793,2.0,2.0,13375.125,0.0,8,1.0,0.0,0.0,2006,0.0,0.0,1.0,1.0,1.0,0.0,4.0,0.0,0.0,1.0,39,0
1.0,0.004034026988096549,0.0,3.0,250000.0,0.0,1,6.0,0.0,1.0,1971,0.0,1.0,0.0,1.0,1.0,1.0,1.0,1.0,3.0,0.0,40,1
1.0,0.0032711363613471003,2.0,3.0,16810.0,0.0,2,2.0,0.0,1.0,1989,1.0,0.0,0.0,1.0,0.0,0.0,6.0,2.0,0.0,1.0,41,1
1.0,0.0009342358062335839,0.0,3.0,50500.0,1.0,4,6.0,1.0,1.0,1967,0.0,0.0,0.0,1.0,1.0,1.0,1.0,2.0,3.0,1.0,42,0
1.0,0.010435204063246021,2.0,3.0,310143.0,1.0,7,4.0,0.0,0.0,1976,0.0,1.0,1.0,1.0,1.0,0.0,4.0,2.0,2.0,1.0,43,1
1.0,0.007189690114926872,0.0,3.0,23000.0,0.0,1,5.0,0.0,1.0,1952,0.0,1.0,0.0,0.0,0.0,0.0,2.0,1.0,0.0,1.0,44,1
0.0,0.00029940013812662885,1.0,3.0,1372.7272727272727,0.0,11,3.0,2.0,1.0,1988,0.0,0.0,0.0,1.0,1.0,0.0,1.0,2.0,3.0,1.0,45,0
0.0,0.007970027877601815,0.0,1.0,73000.0,0.0,1,4.0,1.0,0.0,1966,1.0,0.0,0.0,0.0,0.0,1.0,1.0,0.0,3.0,0.0,46,0
1.0,0.007303252202149493,1.0,3.0,65000.0,0.0,2,0.0,0.0,0.0,1989,0.0,1.0,0.0,1.0,0.0,0.0,7.0,2.0,0.0,1.0,47,1
0.0,0.00014471597383144326,0.0,3.0,500.0,0.0,2,4.0,1.0,1.0,1996,0.0,0.0,0.0,1.0,0.0,1.0,0.0,2.0,0.0,0.0,49,0
0.0,0.0015328113012763253,2.0,3.0,40172.72727272727,1.0,11,5.0,1.0,1.0,1996,1.0,1.0,0.0,1.0,1.0,1.0,7.0,2.0,2.0,1.0,50,1
1.0,0.0006563992187228433,2.0,3.0,3200.0,0.0,5,5.0,1.0,0.0,1955,0.0,1.0,0.0,0.0,0.0,1.0,3.0,2.0,5.0,1.0,51,1
1.0,0.010686303441984254,2.0,3.0,500500.5,0.0,2,1.0,1.0,1.0,1973,1.0,0.0,0.0,0.0,0.0,0.0,1.0,1.0,0.0,0.0,52,1
1.0,0.02126074673230821,1.0,3.0,1500000.0,0.0,1,0.0,0.0,1.0,2005,0.0,1.0,0.0,0.0,1.0,0.0,1.0,2.0,0.0,1.0,53,1
0.0,0.0042259683366993065,0.0,2.0,31150.0,1.0,5,4.0,1.0,1.0,1994,1.0,0.0,1.0,1.0,1.0,1.0,1.0,2.0,0.0,1.0,54,0
1.0,7.91578589536029e-05,0.0,3.0,11642.857142857143,0.0,14,5.0,1.0,0.0,1994,0.0,1.0,0.0,1.0,1.0,0.0,1.0,2.0,3.0,1.0,55,0
0.0,0.000290730806255742,0.0,3.0,1000.0,1.0,1,4.0,0.0,1.0,1954,0.0,0.0,0.0,1.0,1.0,1.0,2.0,1.0,0.0,1.0,56,1
1.0,0.0026913425904641687,0.0,3.0,10261.181818181818,1.0,11,5.0,1.0,1.0,1980,1.0,1.0,1.0,0.0,1.0,1.0,7.0,2.0,0.0,1.0,57,1
1.0,0.008949427178289757,2.0,3.0,45250.25,0.0,4,3.0,0.0,0.0,1948,0.0,1.0,0.0,0.0,0.0,1.0,4.0,2.0,5.0,1.0,58,0
1.0,0.0010010164487473465,1.0,3.0,20000.0,0.0,2,0.0,2.0,0.0,1970,0.0,0.0,0.0,0.0,0.0,0.0,3.0,2.0,2.0,1.0,60,0
1.0,0.0024893134776743137,0.0,1.0,57500.0,0.0,1,5.0,1.0,1.0,1991,0.0,0.0,1.0,1.0,1.0,1.0,1.0,2.0,3.0,1.0,61,0
1.0,0.0004904955037877425,0.0,3.0,3375.0,1.0,4,4.0,0.0,1.0,1956,0.0,0.0,1.0,1.0,1.0,1.0,5.0,2.0,2.0,1.0,62,1
1.0,0.009662791069433017,0.0,1.0,9333333.666666666,0.0,3,0.0,1.0,1.0,1966,1.0,0.0,0.0,1.0,0.0,1.0,1.0,2.0,2.0,1.0,63,0
0.0,0.010682891616294297,2.0,3.0,1750750.0,0.0,2,3.0,0.0,0.0,1967,1.0,0.0,0.0,1.0,1.0,0.0,1.0,2.0,5.0,1.0,64,0
0.0,6.363143400449157e-05,0.0,3.0,4904.714285714285,0.0,14,5.0,0.0,1.0,1949,0.0,1.0,0.0,0.0,0.0,1.0,3.0,1.0,2.0,0.0,65,0
1.0,0.0005440239645477532,2.0,2.0,506875.5,0.0,4,3.0,0.0,0.0,1976,1.0,0.0,0.0,0.0,0.0,0.0,7.0,2.0,2.0,0.0,66,0
0.0,0.007539659205364554,1.0,0.0,1007500.5,0.0,2,0.0,0.0,0.0,1983,0.0,0.0,0.0,0.0,1.0,0.0,4.0,2.0,0.0,0.0,68,0
1.0,0.0019806599599858977,0.0,1.0,8834.0,0.0,1,4.0,0.0,0.0,1992,1.0,1.0,0.0,0.0,1.0,1.0,0.0,2.0,3.0,0.0,69,0
1.0,0.0013118313837883649,0.0,1.0,5000.0,0.0,1,5.0,1.0,0.0,1965,0.0,0.0,0.0,0.0,1.0,1.0,1.0,1.0,0.0,1.0,70,0
0.0,0.004274901767669405,1.0,3.0,16500.0,0.0,2,1.0,1.0,1.0,1981,0.0,0.0,0.0,1.0,1.0,0.0,0.0,2.0,4.0,0.0,71,0
1.0,0.00011542928106743771,0.0,3.0,3000.0,1.0,5,4.0,1.0,1.0,1973,0.0,0.0,1.0,1.0,1.0,0.0,3.0,0.0,0.0,0.0,72,0
0.0,0.000416706301542152,2.0,3.0,16101.739130434782,0.0,46,3.0,1.0,0.0,1968,0.0,0.0,0.0,1.0,0.0,1.0,1.0,2.0,4.0,1.0,73,0
1.0,0.0007728709119577685,0.0,3.0,29500.0,1.0,18,4.0,1.0,1.0,1974,1.0,1.0,1.0,1.0,0.0,1.0,2.0,2.0,3.0,0.0,76,1
1.0,0.004769614598349358,1.0,3.0,60684.333333333336,0.0,6,3.0,0.0,1.0,1954,0.0,0.0,0.0,1.0,1.0,0.0,1.0,2.0,5.0,1.0,77,1
0.0,6.096147680528791e-05,0.0,2.0,1500.0,0.0,2,5.0,1.0,0.0,1977,0.0,0.0,0.0,0.0,1.0,1.0,1.0,1.0,0.0,0.0,78,0
1.0,0.003153874638176993,2.0,3.0,18774.625,0.0,8,5.0,1.0,1.0,1960,0.0,0.0,0.0,1.0,1.0,1.0,11.0,2.0,5.0,1.0,79,1
1.0,0.00638632626265629,0.0,3.0,20001.0,1.0,2,5.0,1.0,0.0,1978,0.0,1.0,1.0,1.0,1.0,1.0,6.0,2.0,0.0,1.0,80,1
0.0,0.0008290864016478998,0.0,2.0,3000.0,1.0,2,6.0,1.0,0.0,1972,0.0,0.0,0.0,1.0,0.0,0.0,1.0,2.0,0.0,0.0,81,0
0.0,0.0003978770322944272,0.0,2.0,4700.0,0.0,2,4.0,0.0,1.0,1962,1.0,1.0,0.0,0.0,1.0,1.0,2.0,2.0,0.0,1.0,82,0
0.0,0.02126074673230821,0.0,1.0,200001.0,0.0,2,5.0,1.0,0.0,1947,0.0,0.0,0.0,0.0,0.0,0.0,1.0,0.0,5.0,0.0,83,0
1.0,0.003345133967836123,0.0,3.0,14788.08,1.0,25,6.0,1.0,1.0,1966,1.0,0.0,0.0,1.0,1.0,1.0,2.0,2.0,2.0,1.0,85,1
1.0,0.0018735970498720451,2.0,3.0,15000.0,0.0,12,5.0,1.0,0.0,1963,1.0,1.0,1.0,1.0,1.0,1.0,1.0,2.0,5.0,0.0,86,1
1.0,9.929925207232075e-06,0.0,3.0,2148.633333333333,0.0,30,5.0,1.0,1.0,1976,0.0,0.0,0.0,1.0,1.0,1.0,2.0,2.0,3.0,0.0,87,0
1.0,0.01147298470288978,2.0,3.0,107500.5,0.0,2,2.0,0.0,1.0,1973,0.0,0.0,0.0,0.0,0.0,0.0,1.0,2.0,0.0,0.0,89,1
0.0,0.0032351825784579075,0.0,3.0,12696.947368421053,0.0,19,5.0,1.0,1.0,1982,0.0,0.0,0.0,0.0,1.0,0.0,2.0,2.0,5.0,1.0,90,0
0.0,0.000750472559024004,0.0,3.0,13666.666666666666,0.0,9,5.0,1.0,1.0,1946,0.0,0.0,0.0,0.0,0.0,1.0,1.0,2.0,0.0,1.0,91,0
0.0,0.0008017560940923908,2.0,1.0,500000.0,0.0,2,1.0,0.0,0.0,1956,1.0,0.0,0.0,0.0,0.0,0.0,9.0,2.0,2.0,0.0,92,0
1.0,0.02126074673230821,2.0,1.0,300000.0,0.0,1,1.0,0.0,1.0,1956,1.0,1.0,0.0,1.0,1.0,0.0,11.0,2.0,0.0,0.0,93,0
1.0,0.00010157799547249325,2.0,1.0,1001.0,0.0,1,5.0,1.0,1.0,1956,0.0,0.0,0.0,1.0,1.0,0.0,5.0,2.0,5.0,0.0,94,0
1.0,0.009566320172681974,1.0,0.0,100000.0,0.0,1,0.0,0.0,1.0,1989,0.0,1.0,0.0,1.0,1.0,0.0,9.0,2.0,0.0,1.0,95,1
1.0,0.0007471494526084925,0.0,3.0,267650.0,0.0,2,6.0,1.0,0.0,1947,0.0,1.0,0.0,1.0,1.0,0.0,8.0,1.0,0.0,1.0,96,1
1.0,5.859481651248393e-06,1.0,3.0,332.258064516129,1.0,31,3.0,2.0,1.0,1968,1.0,0.0,0.0,1.0,1.0,0.0,8.0,2.0,3.0,1.0,97,0
0.0,0.0003342323894157326,0.0,3.0,3600.0,0.0,2,4.0,0.0,0.0,1957,0.0,0.0,0.0,0.0,1.0,1.0,1.0,1.0,5.0,0.0,98,0
1.0,0.007735851241373093,0.0,3.0,198099.9,1.0,10,6.0,1.0,0.0,1945,0.0,0.0,0.0,1.0,1.0,1.0,2.0,2.0,5.0,1.0,100,1
1.0,0.002847992394876463,0.0,3.0,190000.0,1.0,5,5.0,1.0,0.0,1945,1.0,1.0,1.0,1.0,1.0,1.0,5.0,2.0,5.0,0.0,101,1
1.0,9.016633583959778e-05,0.0,2.0,7600.0,0.0,5,5.0,1.0,0.0,1956,1.0,1.0,0.0,1.0,1.0,1.0,3.0,2.0,0.0,0.0,102,0
0.0,0.00046392379169800873,0.0,3.0,20000.0,0.0,2,4.0,1.0,1.0,1981,1.0,0.0,0.0,1.0,1.0,0.0,2.0,2.0,0.0,1.0,103,0
0.0,0.003850780128050583,2.0,3.0,279626.6666666667,1.0,9,5.0,1.0,1.0,1971,1.0,0.0,0.0,0.0,0.0,1.0,4.0,2.0,0.0,0.0,104,1
0.0,0.002783844168478122,0.0,3.0,79954.72727272728,1.0,11,5.0,1.0,1.0,2003,1.0,0.0,0.0,1.0,1.0,1.0,9.0,2.0,3.0,1.0,105,0
1.0,0.001105117193623112,2.0,3.0,30884.0,0.0,25,5.0,1.0,1.0,1989,0.0,0.0,1.0,1.0,1.0,1.0,1.0,2.0,0.0,1.0,106,0
0.0,0.0002907936492114427,0.0,3.0,9485.4,1.0,10,5.0,1.0,0.0,2003,1.0,1.0,1.0,1.0,1.0,0.0,11.0,2.0,2.0,1.0,107,0
0.0,0.0015921150379864222,0.0,1.0,20000.0,0.0,1,5.0,1.0,0.0,1971,0.0,1.0,0.0,1.0,1.0,1.0,1.0,2.0,0.0,1.0,108,0
1.0,0.015434984368110041,0.0,3.0,29750.0,0.0,4,5.0,0.0,0.0,1945,0.0,1.0,0.0,1.0,1.0,1.0,6.0,2.0,5.0,1.0,109,1
1.0,0.002554716299302558,0.0,1.0,55000.0,0.0,1,4.0,1.0,0.0,1996,0.0,0.0,0.0,1.0,1.0,0.0,8.0,1.0,4.0,1.0,110,0
1.0,0.00019386422291276754,0.0,3.0,10000.0,0.0,18,5.0,1.0,1.0,1979,0.0,0.0,0.0,1.0,1.0,0.0,3.0,2.0,4.0,0.0,111,0
0.0,0.0004379235771165493,0.0,3.0,20000.0,0.0,2,5.0,1.0,1.0,1996,0.0,1.0,1.0,0.0,1.0,1.0,1.0,2.0,0.0,0.0,112,1
1.0,3.6538014615797875e-06,0.0,3.0,3694.25,0.0,24,5.0,1.0,1.0,1990,1.0,1.0,0.0,1.0,1.0,0.0,3.0,2.0,3.0,0.0,115,0
0.0,0.0006446387003353964,0.0,3.0,10333.333333333334,0.0,6,6.0,1.0,0.0,1960,0.0,1.0,0.0,1.0,1.0,1.0,3.0,2.0,4.0,1.0,116,0
0.0,0.007855170485503424,0.0,3.0,64656.75,0.0,16,6.0,1.0,0.0,1960,0.0,1.0,0.0,0.0,1.0,1.0,3.0,2.0,0.0,0.0,117,1
1.0,7.284036242421504e-05,1.0,3.0,5766.666666666667,0.0,3,1.0,1.0,0.0,2003,1.0,1.0,0.0,1.0,0.0,0.0,11.0,2.0,1.0,1.0,118,0
0.0,0.00023089115446040258,2.0,3.0,5250.5,0.0,11,3.0,1.0,0.0,1989,0.0,0.0,1.0,1.0,1.0,0.0,1.0,2.0,4.0,0.0,119,0
0.0,0.0009208103781377947,1.0,1.0,20000.0,0.0,1,1.0,1.0,1.0,1981,0.0,0.0,0.0,1.0,0.0,0.0,1.0,2.0,4.0,0.0,120,0
1.0,0.0024523871179635954,0.0,3.0,43000.0,0.0,9,5.0,1.0,1.0,1985,0.0,0.0,0.0,1.0,1.0,0.0,8.0,2.0,4.0,1.0,121,0
1.0,0.0038046901647595167,0.0,3.0,37000.0,0.0,15,5.0,1.0,1.0,1961,1.0,0.0,0.0,1.0,1.0,0.0,1.0,2.0,4.0,1.0,122,0
1.0,0.0024750781892849613,1.0,0.0,11150.0,0.0,2,3.0,0.0,0.0,1990,1.0,1.0,0.0,1.0,0.0,0.0,1.0,1.0,0.0,1.0,123,1
1.0,0.00010468234369879592,0.0,3.0,2061.464285714286,1.0,28,5.0,1.0,0.0,1986,0.0,0.0,0.0,1.0,1.0,1.0,2.0,2.0,0.0,0.0,124,0
0.0,0.0007574825862776916,2.0,3.0,11308.026315789473,0.0,38,5.0,1.0,0.0,1972,1.0,0.0,0.0,1.0,1.0,1.0,3.0,2.0,4.0,0.0,125,0
0.0,0.002091922236931107,0.0,3.0,6400.0,0.0,5,5.0,1.0,0.0,1999,0.0,1.0,1.0,1.0,1.0,1.0,1.0,1.0,0.0,1.0,126,1
1.0,0.02126074673230821,2.0,3.0,1000000.0,0.0,3,2.0,1.0,0.0,1989,1.0,1.0,0.0,1.0,1.0,0.0,1.0,2.0,3.0,1.0,127,1
1.0,0.01107759806982953,0.0,1.0,30000.0,0.0,1,5.0,1.0,1.0,1975,1.0,1.0,0.0,0.0,1.0,0.0,1.0,2.0,0.0,1.0,128,0
1.0,0.002350818127372664,2.0,3.0,27600.0,0.0,8,6.0,1.0,1.0,1946,0.0,0.0,0.0,0.0,0.0,0.0,1.0,2.0,0.0,1.0,129,0
1.0,0.02126074673230821,2.0,3.0,1000000.0,0.0,1,3.0,1.0,1.0,2002,1.0,1.0,0.0,1.0,0.0,1.0,1.0,2.0,0.0,1.0,130,1
0.0,0.0005724258516187112,0.0,3.0,3703.846153846154,0.0,13,5.0,1.0,1.0,1948,0.0,0.0,0.0,0.0,1.0,0.0,11.0,2.0,5.0,1.0,131,0
1.0,0.003618425624280851,2.0,3.0,34050.0,0.0,3,4.0,1.0,1.0,1990,1.0,0.0,0.0,1.0,0.0,0.0,3.0,2.0,0.0,1.0,132,1
1.0,0.000851783666195661,1.0,3.0,5649.055555555556,1.0,36,4.0,1.0,1.0,1961,1.0,1.0,1.0,1.0,1.0,1.0,3.0,2.0,2.0,0.0,133,0
0.0,0.018706374677145858,0.0,3.0,120000.0,0.0,5,5.0,1.0,0.0,1952,0.0,1.0,0.0,1.0,0.0,0.0,2.0,2.0,5.0,0.0,134,0
1.0,3.3384912406070387e-06,0.0,3.0,1854.7619047619048,1.0,21,4.0,1.0,1.0,1966,0.0,0.0,0.0,1.0,1.0,1.0,2.0,2.0,4.0,1.0,135,0
1.0,0.000527615124165802,0.0,2.0,70000.0,0.0,2,5.0,1.0,0.0,1994,0.0,0.0,1.0,1.0,0.0,1.0,1.0,2.0,2.0,1.0,136,0
0.0,7.26728025118127e-05,0.0,1.0,5000.0,0.0,1,4.0,1.0,0.0,1950,0.0,0.0,0.0,1.0,0.0,1.0,1.0,1.0,3.0,1.0,137,0
0.0,0.009625888457122303,1.0,0.0,21000.0,0.0,2,0.0,0.0,0.0,1989,0.0,1.0,0.0,1.0,0.0,0.0,2.0,1.0,2.0,1.0,138,1
0.0,0.00030589469693728904,0.0,3.0,18187.295454545456,0.0,44,5.0,1.0,0.0,1970,0.0,1.0,1.0,1.0,1.0,1.0,1.0,2.0,4.0,1.0,139,0
1.0,0.0007421088487066727,1.0,3.0,7500.0,0.0,4,4.0,1.0,0.0,1953,0.0,1.0,0.0,1.0,1.0,1.0,2.0,2.0,5.0,1.0,140,1
1.0,0.0013173572668065438,0.0,3.0,11933.333333333334,0.0,3,5.0,1.0,1.0,1980,0.0,0.0,0.0,1.0,1.0,1.0,8.0,2.0,0.0,1.0,141,0
1.0,0.001087862476969153,0.0,3.0,10158.0,0.0,4,4.0,1.0,1.0,1964,1.0,0.0,1.0,0.0,1.0,1.0,2.0,2.0,3.0,0.0,142,0
1.0,0.013456280691656268,0.0,3.0,28875.0,0.0,4,4.0,1.0,0.0,1992,1.0,1.0,0.0,1.0,1.0,1.0,4.0,1.0,0.0,1.0,143,0
0.0,6.01755142565351e-06,1.0,3.0,3666.936507936508,0.0,63,5.0,1.0,1.0,1951,0.0,0.0,0.0,1.0,1.0,1.0,3.0,2.0,3.0,1.0,144,0
1.0,0.0006925799368043157,0.0,3.0,10316.666666666666,1.0,6,5.0,1.0,1.0,1981,1.0,1.0,0.0,1.0,1.0,1.0,1.0,1.0,0.0,1.0,145,1
1.0,0.0006774792611737862,0.0,3.0,600.0,1.0,1,4.0,0.0,0.0,1948,0.0,1.0,0.0,1.0,1.0,1.0,1.0,0.0,0.0,1.0,146,1
1.0,0.013349633972042122,0.0,1.0,30000.0,0.0,1,2.0,1.0,0.0,1996,0.0,1.0,1.0,1.0,1.0,1.0,1.0,2.0,0.0,0.0,147,0
1.0,3.330868855311924e-06,0.0,3.0,1770.4,0.0,5,3.0,1.0,0.0,1967,0.0,0.0,0.0,0.0,0.0,1.0,1.0,2.0,0.0,1.0,148,0
1.0,0.02126074673230821,2.0,3.0,1400000.0,1.0,1,2.0,1.0,1.0,2006,1.0,0.0,1.0,1.0,1.0,0.0,8.0,2.0,0.0,1.0,149,1
1.0,0.0001430971853389565,0.0,3.0,9358.952380952382,1.0,42,5.0,1.0,1.0,1972,1.0,1.0,0.0,1.0,1.0,1.0,3.0,2.0,0.0,1.0,150,0
1.0,0.0023014553009406634,2.0,3.0,20000.0,0.0,2,3.0,1.0,1.0,1991,0.0,1.0,0.0,1.0,1.0,0.0,1.0,0.0,2.0,1.0,151,1
1.0,0.005138638127696517,2.0,3.0,752000.3333333334,0.0,6,3.0,1.0,1.0,1993,1.0,1.0,1.0,1.0,1.0,0.0,11.0,2.0,0.0,1.0,152,1
1.0,0.0028136275835906562,2.0,3.0,100000.0,0.0,6,3.0,0.0,0.0,1945,0.0,1.0,0.0,0.0,0.0,0.0,11.0,2.0,5.0,1.0,153,0
1.0,0.0002220862692534493,0.0,2.0,17355.0,0.0,5,5.0,1.0,0.0,1980,0.0,1.0,0.0,0.0,0.0,0.0,1.0,2.0,3.0,0.0,154,0
0.0,0.003404308235288218,0.0,3.0,120812.5,0.0,8,6.0,1.0,1.0,1958,0.0,1.0,0.0,1.0,1.0,1.0,3.0,2.0,0.0,1.0,156,0
0.0,0.011236876863184054,2.0,3.0,40000.0,0.0,2,3.0,1.0,0.0,1958,0.0,1.0,0.0,0.0,0.0,1.0,1.0,2.0,5.0,0.0,157,0
1.0,0.001156924911532097,1.0,3.0,120787.0,0.0,6,4.0,1.0,0.0,1990,0.0,0.0,1.0,1.0,0.0,0.0,3.0,2.0,4.0,1.0,158,0
1.0,0.006134546749784665,2.0,3.0,297500.0,0.0,4,0.0,0.0,1.0,2001,1.0,1.0,0.0,1.0,1.0,0.0,1.0,2.0,0.0,1.0,159,1
1.0,0.01292740045616094,0.0,3.0,7625.0,0.0,12,5.0,1.0,0.0,1963,0.0,1.0,0.0,0.0,1.0,1.0,2.0,0.0,5.0,1.0,160,1
0.0,0.0005713578330073127,0.0,3.0,4850.166666666667,0.0,6,4.0,1.0,0.0,1982,0.0,0.0,1.0,1.0,1.0,1.0,2.0,2.0,0.0,0.0,161,0
0.0,0.0005768239710676462,0.0,3.0,11250.0,0.0,4,3.0,1.0,1.0,2002,1.0,0.0,1.0,1.0,1.0,1.0,3.0,2.0,0.0,1.0,162,0
1.0,0.0001626276961672697,2.0,1.0,15000.0,0.0,1,4.0,1.0,0.0,1983,1.0,0.0,0.0,1.0,1.0,1.0,9.0,2.0,0.0,1.0,163,0
1.0,0.009655894126946694,2.0,3.0,43516.02,1.0,50,5.0,1.0,0.0,1964,0.0,0.0,1.0,1.0,1.0,0.0,10.0,2.0,5.0,1.0,164,0
1.0,0.02126074673230821,0.0,1.0,35000.0,0.0,1,5.0,0.0,0.0,1970,0.0,0.0,0.0,1.0,1.0,1.0,2.0,2.0,4.0,1.0,165,0
0.0,0.006480726746040159,0.0,1.0,9000.0,0.0,1,5.0,0.0,1.0,1947,0.0,0.0,0.0,0.0,0.0,0.0,1.0,1.0,0.0,1.0,166,0
1.0,0.012129042957263277,0.0,3.0,46761.41176470588,1.0,17,5.0,1.0,1.0,1959,1.0,0.0,1.0,0.0,1.0,1.0,2.0,2.0,0.0,1.0,167,1
1.0,0.0020590186523713606,0.0,3.0,14000.0,1.0,1,3.0,1.0,0.0,1994,0.0,1.0,0.0,0.0,1.0,1.0,1.0,0.0,0.0,0.0,168,1
1.0,0.013536879652409788,2.0,3.0,1032500.0,1.0,4,3.0,1.0,1.0,1983,1.0,1.0,0.0,1.0,1.0,0.0,11.0,2.0,2.0,1.0,169,1
1.0,0.005785733979395036,0.0,3.0,60000.0,0.0,1,4.0,0.0,1.0,1973,1.0,0.0,1.0,1.0,1.0,1.0,1.0,2.0,0.0,1.0,170,1
0.0,0.0003117189567648373,2.0,1.0,10001.0,0.0,1,0.0,0.0,0.0,1968,0.0,1.0,0.0,1.0,0.0,0.0,1.0,1.0,1.0,0.0,171,0
0.0,0.00036867901407257656,2.0,1.0,12000.0,0.0,1,3.0,0.0,0.0,1970,0.0,1.0,0.0,0.0,0.0,0.0,0.0,1.0,1.0,0.0,172,0
1.0,0.001165616398684353,2.0,3.0,40000.0,0.0,1,1.0,1.0,0.0,1976,0.0,1.0,0.0,0.0,0.0,0.0,1.0,2.0,1.0,1.0,173,1
1.0,0.0012269210291365675,0.0,3.0,7083.666666666667,0.0,6,5.0,1.0,1.0,1992,1.0,1.0,0.0,1.0,1.0,1.0,4.0,1.0,2.0,0.0,174,0
0.0,0.0023626420791553397,0.0,3.0,1580.7692307692307,1.0,13,4.0,1.0,1.0,1964,1.0,0.0,0.0,0.0,1.0,1.0,4.0,2.0,0.0,1.0,175,0
1.0,0.0019110439209280236,0.0,3.0,10632.142857142857,0.0,14,5.0,1.0,1.0,1961,0.0,1.0,1.0,1.0,1.0,1.0,5.0,2.0,5.0,1.0,176,1
1.0,0.0010889067980914724,2.0,1.0,30000.0,0.0,1,4.0,1.0,0.0,1956,0.0,0.0,0.0,0.0,0.0,0.0,9.0,1.0,0.0,1.0,177,0
1.0,0.004351040153367662,0.0,3.0,203333.33333333334,0.0,3,3.0,0.0,1.0,1960,1.0,1.0,0.0,0.0,0.0,1.0,4.0,2.0,1.0,1.0,178,0
1.0,0.007080918382251609,1.0,3.0,37600.25,1.0,4,0.0,0.0,0.0,1989,1.0,0.0,0.0,1.0,0.0,1.0,5.0,2.0,3.0,1.0,179,1
0.0,0.001880183242163259,0.0,3.0,8183.416666666667,0.0,12,5.0,1.0,1.0,1991,0.0,0.0,1.0,1.0,1.0,1.0,2.0,2.0,0.0,1.0,180,0
1.0,0.0012328388890131027,0.0,3.0,15678.57142857143,0.0,14,5.0,1.0,1.0,1979,0.0,1.0,0.0,0.0,1.0,1.0,3.0,2.0,0.0,1.0,181,0
1.0,0.0006527660720907921,0.0,3.0,17134.38,0.0,50,5.0,1.0,1.0,1964,1.0,0.0,0.0,1.0,1.0,1.0,2.0,2.0,0.0,1.0,182,0
1.0,0.0073162332146365335,1.0,0.0,30000.0,0.0,1,0.0,0.0,1.0,2003,1.0,1.0,0.0,1.0,1.0,1.0,2.0,2.0,0.0,1.0,183,1
1.0,0.0018410228240348168,2.0,3.0,275000.0,0.0,2,1.0,1.0,1.0,1990,1.0,1.0,1.0,1.0,1.0,0.0,1.0,2.0,2.0,1.0,185,1
1.0,0.0038197810454666348,0.0,3.0,10867.0,0.0,6,4.0,1.0,0.0,1956,0.0,0.0,0.0,0.0,1.0,0.0,2.0,2.0,2.0,1.0,186,1
1.0,0.0014358929330078672,0.0,3.0,35560.86956521739,0.0,23,5.0,1.0,1.0,1983,0.0,1.0,1.0,1.0,1.0,1.0,6.0,2.0,3.0,1.0,187,0
1.0,0.008936132146405812,0.0,3.0,8331.068965517241,1.0,29,5.0,1.0,0.0,1960,0.0,0.0,0.0,1.0,1.0,1.0,7.0,2.0,5.0,1.0,188,1
1.0,0.01037110027198129,0.0,3.0,1576000.4,0.0,5,4.0,1.0,1.0,1991,1.0,1.0,1.0,1.0,1.0,0.0,2.0,2.0,0.0,1.0,189,0
1.0,0.02126074673230821,2.0,3.0,300000.0,0.0,4,2.0,1.0,1.0,1988,1.0,1.0,1.0,1.0,1.0,0.0,4.0,2.0,3.0,1.0,190,1
1.0,0.0023272144871312466,2.0,3.0,10968.75,1.0,16,5.0,1.0,0.0,1977,1.0,0.0,1.0,1.0,1.0,0.0,9.0,2.0,1.0,1.0,191,1
0.0,0.00037288036534912456,0.0,1.0,2001.0,0.0,1,6.0,1.0,0.0,1988,0.0,0.0,0.0,1.0,0.0,0.0,2.0,2.0,0.0,0.0,192,0
1.0,0.004660689677614548,0.0,3.0,29578.947368421053,0.0,19,6.0,1.0,0.0,1979,0.0,1.0,1.0,1.0,1.0,1.0,3.0,2.0,5.0,1.0,193,0
1.0,0.010944244987554856,2.0,0.0,1025000.0,0.0,2,0.0,0.0,1.0,2000,1.0,0.0,0.0,1.0,0.0,0.0,1.0,2.0,0.0,0.0,194,1
1.0,9.184535320523714e-05,0.0,3.0,2073.3636363636365,1.0,33,5.0,1.0,1.0,1980,1.0,1.0,1.0,1.0,0.0,1.0,1.0,2.0,0.0,1.0,195,0
1.0,0.017410316775133154,0.0,3.0,70680.0,1.0,5,5.0,1.0,1.0,1991,1.0,1.0,0.0,1.0,1.0,1.0,1.0,2.0,3.0,1.0,196,0
1.0,0.00043670687047786885,0.0,1.0,3001.0,0.0,1,5.0,1.0,1.0,1959,0.0,1.0,0.0,0.0,1.0,1.0,1.0,2.0,0.0,1.0,197,0
1.0,6.032830375306119e-05,0.0,3.0,5850.0,0.0,22,4.0,1.0,0.0,1976,0.0,1.0,0.0,1.0,1.0,1.0,2.0,2.0,4.0,1.0,198,0
0.0,0.0005496984551946043,0.0,3.0,445.125,0.0,8,3.0,1.0,1.0,1945,1.0,1.0,0.0,0.0,1.0,0.0,3.0,2.0,5.0,1.0,199,0
1.0,0.0005627310016138845,0.0,1.0,10001.0,0.0,1,6.0,1.0,1.0,1991,1.0,1.0,0.0,1.0,1.0,0.0,7.0,2.0,0.0,0.0,200,0
0.0,1.4947926664572946e-05,0.0,3.0,11998.181818181818,0.0,11,5.0,1.0,1.0,1984,0.0,0.0,0.0,1.0,1.0,1.0,11.0,2.0,3.0,1.0,201,0
1.0,0.007456871455810971,1.0,3.0,405000.2,0.0,5,0.0,1.0,0.0,1987,1.0,1.0,0.0,0.0,1.0,0.0,2.0,2.0,4.0,1.0,202,1
1.0,0.009954332461814765,0.0,3.0,20000.0,0.0,1,3.0,1.0,1.0,1991,0.0,1.0,1.0,1.0,1.0,1.0,1.0,2.0,3.0,1.0,205,1
1.0,0.007837074196167087,2.0,3.0,3004500.0,1.0,10,3.0,0.0,0.0,1980,1.0,1.0,1.0,1.0,1.0,1.0,11.0,2.0,2.0,1.0,206,1
1.0,0.0004688827549298838,0.0,3.0,15875.0,1.0,8,5.0,1.0,1.0,1976,0.0,0.0,0.0,1.0,1.0,0.0,3.0,0.0,3.0,0.0,207,0
1.0,0.0017244432593587987,0.0,3.0,11655.0,1.0,10,5.0,1.0,1.0,1982,1.0,1.0,1.0,1.0,1.0,1.0,2.0,0.0,0.0,1.0,208,1
0.0,0.0014588410026224758,0.0,3.0,10000.0,0.0,2,4.0,0.0,0.0,1993,0.0,0.0,1.0,1.0,1.0,1.0,1.0,2.0,1.0,1.0,209,1
1.0,0.0016647356947573197,2.0,3.0,25595.833333333332,0.0,12,4.0,1.0,0.0,1952,0.0,1.0,1.0,1.0,1.0,0.0,5.0,2.0,2.0,1.0,210,0
1.0,0.011147199571813362,2.0,3.0,1132186.9333333333,0.0,15,5.0,1.0,0.0,1980,0.0,1.0,1.0,1.0,1.0,0.0,8.0,2.0,0.0,1.0,211,1
1.0,0.0026812823239357256,2.0,3.0,102500.0,0.0,2,4.0,1.0,1.0,1979,1.0,0.0,0.0,0.0,0.0,0.0,1.0,2.0,0.0,1.0,212,0
1.0,0.02126074673230821,2.0,3.0,1000001.0,0.0,1,1.0,1.0,0.0,1987,0.0,0.0,0.0,1.0,0.0,0.0,1.0,1.0,0.0,0.0,213,1
0.0,0.003821847169904033,2.0,3.0,100000.0,0.0,1,4.0,1.0,1.0,1960,0.0,0.0,0.0,1.0,0.0,0.0,11.0,2.0,0.0,0.0,214,1
1.0,0.0007540472103916799,2.0,3.0,13850.0,0.0,8,1.0,0.0,0.0,1979,0.0,1.0,0.0,1.0,0.0,0.0,2.0,2.0,2.0,1.0,215,0
1.0,1.8842762330672343e-05,0.0,1.0,10000.0,0.0,1,6.0,1.0,0.0,1947,0.0,0.0,0.0,0.0,0.0,0.0,11.0,0.0,4.0,0.0,216,0
0.0,0.0006350851158894634,0.0,3.0,18192.53846153846,1.0,13,6.0,1.0,1.0,2001,0.0,0.0,0.0,1.0,1.0,1.0,4.0,2.0,0.0,1.0,217,0
1.0,0.016626756270108522,0.0,3.0,266000.0,1.0,5,5.0,1.0,1.0,1992,1.0,0.0,0.0,1.0,1.0,1.0,6.0,0.0,0.0,0.0,218,1
1.0,0.0003449769977666495,0.0,3.0,3307.714285714286,0.0,7,4.0,1.0,1.0,1989,0.0,0.0,0.0,1.0,1.0,0.0,2.0,1.0,4.0,0.0,220,0
0.0,0.00019681044076175523,0.0,3.0,8100.0,0.0,16,5.0,1.0,0.0,1966,0.0,1.0,0.0,1.0,1.0,1.0,1.0,0.0,0.0,1.0,221,0
1.0,0.008806156096994193,2.0,3.0,500000.0,0.0,1,4.0,1.0,0.0,1992,1.0,1.0,1.0,1.0,0.0,0.0,11.0,1.0,0.0,1.0,222,1
1.0,0.010217779084757518,2.0,3.0,400000.0,0.0,1,4.0,1.0,1.0,1973,0.0,1.0,0.0,0.0,0.0,0.0,1.0,2.0,0.0,1.0,223,1
1.0,0.010191390157326816,2.0,3.0,200000.0,0.0,1,4.0,1.0,0.0,1990,1.0,1.0,0.0,1.0,1.0,0.0,5.0,0.0,0.0,1.0,224,1
1.0,0.0016651889996913108,0.0,3.0,10744.5,1.0,18,5.0,1.0,0.0,1991,1.0,0.0,1.0,1.0,0.0,0.0,2.0,2.0,0.0,1.0,225,0
1.0,0.001762128958472569,2.0,1.0,2000000.0,0.0,1,4.0,1.0,0.0,1989,1.0,0.0,1.0,1.0,0.0,0.0,1.0,2.0,0.0,1.0,226,0
1.0,4.1852075832704435e-06,2.0,3.0,4667.0,1.0,3,3.0,1.0,0.0,1987,0.0,0.0,0.0,1.0,1.0,0.0,2.0,2.0,5.0,1.0,227,0
1.0,2.2685509379194502e-05,0.0,3.0,14500.0,0.0,4,6.0,1.0,0.0,1956,0.0,0.0,0.0,1.0,1.0,0.0,1.0,0.0,5.0,0.0,228,0
1.0,0.00046573459862383543,0.0,3.0,20642.85714285714,1.0,14,5.0,1.0,1.0,1978,1.0,1.0,1.0,0.0,0.0,1.0,4.0,0.0,4.0,1.0,229,1
1.0,0.005893730535638037,2.0,3.0,13250.72,1.0,25,6.0,1.0,1.0,1975,1.0,1.0,1.0,1.0,1.0,1.0,7.0,2.0,5.0,1.0,230,1
1.0,0.009485330738802058,2.0,3.0,50000.0,0.0,1,1.0,0.0,0.0,2005,1.0,1.0,0.0,1.0,1.0,0.0,1.0,1.0,0.0,1.0,231,1
1.0,0.02126074673230821,1.0,3.0,275000.3333333333,0.0,3,4.0,1.0,0.0,1952,0.0,0.0,0.0,1.0,1.0,1.0,8.0,2.0,5.0,1.0,232,1
0.0,8.99631853588197e-06,0.0,2.0,225.5,0.0,2,2.0,0.0,0.0,1996,0.0,1.0,1.0,0.0,0.0,1.0,1.0,2.0,1.0,1.0,233,0
1.0,0.0004167469904335878,0.0,3.0,1166.5,0.0,10,4.0,1.0,1.0,1963,1.0,1.0,0.0,0.0,1.0,1.0,1.0,2.0,0.0,1.0,234,0
1.0,0.0014986810268139122,0.0,3.0,10900.0,1.0,5,6.0,1.0,0.0,1990,1.0,0.0,1.0,1.0,1.0,1.0,1.0,2.0,0.0,0.0,235,1
1.0,0.001514390557027432,0.0,3.0,8750.0,0.0,2,0.0,0.0,1.0,1991,0.0,0.0,0.0,0.0,1.0,0.0,1.0,1.0,0.0,0.0,236,1
1.0,0.003230962450097877,0.0,3.0,38125.0,1.0,28,6.0,1.0,1.0,1975,0.0,1.0,1.0,1.0,1.0,1.0,2.0,2.0,0.0,1.0,237,0
0.0,0.00025750317742764914,0.0,2.0,44780.4,0.0,5,6.0,1.0,0.0,1945,0.0,0.0,0.0,0.0,0.0,1.0,1.0,0.0,3.0,1.0,238,0
1.0,0.011458313412458211,1.0,3.0,1002500.5,0.0,2,0.0,0.0,0.0,1984,0.0,0.0,0.0,1.0,1.0,1.0,10.0,1.0,1.0,1.0,239,1
1.0,0.02126074673230821,1.0,3.0,2000001.0,1.0,1,1.0,1.0,1.0,1989,1.0,1.0,0.0,1.0,1.0,1.0,11.0,2.0,0.0,1.0,240,1
0.0,0.0007837437582132785,0.0,3.0,2500.25,0.0,4,6.0,1.0,0.0,1961,0.0,0.0,0.0,1.0,1.0,0.0,2.0,2.0,2.0,0.0,241,0
1.0,7.142523103514177e-05,2.0,3.0,13672.72,1.0,50,6.0,1.0,1.0,1964,1.0,0.0,0.0,1.0,1.0,0.0,2.0,2.0,3.0,1.0,242,0
0.0,0.02126074673230821,2.0,3.0,11558.823529411764,0.0,17,5.0,1.0,1.0,1975,0.0,0.0,0.0,1.0,1.0,1.0,1.0,2.0,5.0,1.0,243,0
1.0,0.00043552144913262174,0.0,0.0,2001.0,1.0,1,5.0,0.0,1.0,1948,1.0,0.0,0.0,1.0,1.0,1.0,1.0,2.0,0.0,0.0,244,1
1.0,0.005226492733542621,0.0,1.0,12000.0,0.0,1,5.0,1.0,0.0,1986,0.0,0.0,0.0,1.0,0.0,0.0,1.0,2.0,0.0,1.0,245,0
1.0,0.0007798354773210488,0.0,3.0,4040.4,0.0,5,5.0,1.0,1.0,1955,0.0,1.0,0.0,0.0,1.0,0.0,2.0,0.0,5.0,1.0,246,0
0.0,0.0005113781752964986,2.0,1.0,10000.0,0.0,1,0.0,0.0,0.0,1968,0.0,1.0,0.0,0.0,0.0,0.0,1.0,1.0,2.0,1.0,247,0
1.0,0.02126074673230821,1.0,3.0,720950.5,0.0,2,0.0,1.0,1.0,1990,1.0,1.0,0.0,0.0,0.0,0.0,1.0,2.0,0.0,1.0,248,1
1.0,0.02126074673230821,2.0,3.0,377500.75,0.0,4,2.0,0.0,0.0,1960,0.0,1.0,0.0,1.0,1.0,0.0,2.0,2.0,5.0,1.0,249,1
1.0,0.0028680179804225965,0.0,3.0,18334.0,0.0,6,5.0,1.0,0.0,1974,0.0,1.0,1.0,1.0,1.0,0.0,4.0,2.0,0.0,1.0,250,0
1.0,4.067608482184322e-05,0.0,3.0,2531.1388888888887,0.0,36,5.0,1.0,0.0,1978,0.0,0.0,0.0,1.0,1.0,1.0,4.0,2.0,4.0,1.0,251,0
1.0,0.007832220532961712,2.0,0.0,200000.0,0.0,1,2.0,0.0,0.0,2002,1.0,0.0,0.0,0.0,0.0,0.0,1.0,0.0,0.0,0.0,252,1
0.0,0.0007031858298257726,2.0,1.0,16000.0,0.0,1,0.0,0.0,0.0,1987,1.0,0.0,0.0,0.0,1.0,0.0,1.0,0.0,0.0,0.0,253,0
1.0,0.02126074673230821,2.0,1.0,60000.0,0.0,1,0.0,1.0,0.0,1977,0.0,0.0,0.0,1.0,0.0,1.0,2.0,0.0,3.0,0.0,254,0
0.0,0.014703950925024127,2.0,3.0,84000.33333333333,0.0,3,3.0,0.0,0.0,2011,1.0,0.0,0.0,1.0,1.0,0.0,5.0,1.0,0.0,1.0,255,0
1.0,0.0007731774903890782,2.0,3.0,21000.714285714286,1.0,7,4.0,1.0,1.0,2007,1.0,0.0,0.0,1.0,1.0,1.0,1.0,1.0,3.0,1.0,256,0
1.0,0.00550933830784169,2.0,3.0,50001.0,0.0,1,3.0,1.0,1.0,2003,1.0,1.0,0.0,1.0,0.0,0.0,5.0,0.0,0.0,1.0,257,1
0.0,0.0013197524717156854,0.0,3.0,37053.5,0.0,10,5.0,1.0,0.0,2004,0.0,0.0,0.0,1.0,1.0,1.0,1.0,2.0,4.0,0.0,258,0
1.0,0.0017128276846079954,1.0,1.0,20001.0,0.0,1,4.0,1.0,0.0,1991,0.0,0.0,0.0,1.0,0.0,1.0,3.0,0.0,0.0,1.0,259,0
0.0,0.020865256636433276,2.0,1.0,20000.0,0.0,1,0.0,0.0,0.0,2011,0.0,0.0,0.0,1.0,0.0,0.0,4.0,0.0,0.0,0.0,260,0
1.0,0.007196333834451159,2.0,3.0,100001.0,0.0,1,1.0,1.0,1.0,2005,1.0,0.0,0.0,1.0,0.0,0.0,1.0,2.0,0.0,1.0,261,1
0.0,0.0207619548070714,2.0,3.0,2000001.0,0.0,1,2.0,1.0,1.0,2013,1.0,0.0,0.0,1.0,0.0,0.0,3.0,1.0,0.0,0.0,262,1
0.0,0.0013314730186819337,1.0,1.0,1000.0,0.0,1,0.0,0.0,0.0,1987,1.0,0.0,1.0,1.0,1.0,1.0,2.0,0.0,0.0,0.0,263,0
0.0,0.02126074673230821,2.0,3.0,20000.0,0.0,1,0.0,0.0,1.0,2000,0.0,0.0,0.0,1.0,0.0,1.0,1.0,0.0,0.0,0.0,264,1
0.0,0.007571761006433675,2.0,1.0,170667.0,0.0,3,2.0,1.0,1.0,2009,0.0,0.0,1.0,1.0,1.0,0.0,1.0,1.0,0.0,1.0,266,0
0.0,0.001126728712989455,2.0,2.0,695000.75,0.0,4,1.0,0.0,0.0,1974,1.0,0.0,0.0,1.0,0.0,1.0,2.0,2.0,1.0,1.0,267,1
1.0,9.274484100090888e-05,2.0,0.0,19756.0,0.0,1,1.0,1.0,0.0,1999,0.0,0.0,0.0,1.0,0.0,0.0,8.0,1.0,0.0,1.0,268,1
1.0,0.0009100402265184917,2.0,3.0,5000.0,0.0,1,3.0,1.0,0.0,2010,0.0,0.0,0.0,1.0,0.0,1.0,0.0,0.0,0.0,0.0,269,1
1.0,0.004718317837298137,0.0,3.0,30000.0,0.0,1,5.0,1.0,1.0,2011,1.0,1.0,1.0,1.0,1.0,1.0,1.0,0.0,0.0,1.0,270,1
1.0,0.014036490324939038,2.0,2.0,100000.0,1.0,1,3.0,1.0,1.0,1972,1.0,0.0,0.0,1.0,0.0,1.0,0.0,0.0,0.0,0.0,271,1
0.0,0.001854662109913295,2.0,0.0,40000.0,1.0,1,3.0,1.0,1.0,2009,1.0,0.0,0.0,1.0,1.0,1.0,1.0,1.0,0.0,1.0,272,1
0.0,0.0020756911024008484,2.0,2.0,100100.5,0.0,2,2.0,1.0,0.0,2007,0.0,0.0,1.0,1.0,0.0,0.0,6.0,1.0,1.0,0.0,273,0
1.0,0.007288179054740041,2.0,3.0,200001.0,0.0,1,0.0,1.0,0.0,2010,0.0,1.0,0.0,0.0,0.0,1.0,1.0,1.0,0.0,0.0,274,1
1.0,0.0032411545741675273,2.0,1.0,10000.0,0.0,1,5.0,1.0,1.0,1978,1.0,1.0,1.0,1.0,1.0,0.0,3.0,0.0,0.0,0.0,276,0
1.0,0.001352231750496126,2.0,2.0,100000.0,0.0,1,4.0,0.0,1.0,1977,1.0,0.0,1.0,0.0,0.0,1.0,1.0,0.0,0.0,1.0,277,1
1.0,0.0019664478726368643,2.0,1.0,200001.0,0.0,1,4.0,0.0,0.0,1986,0.0,0.0,0.0,1.0,0.0,1.0,2.0,1.0,0.0,0.0,278,0
1.0,0.004168129041304483,2.0,1.0,340000.0,0.0,1,1.0,0.0,0.0,2001,1.0,0.0,0.0,1.0,0.0,0.0,1.0,1.0,0.0,0.0,279,0
1.0,0.0005882123911920089,2.0,1.0,21833.333333333332,0.0,3,4.0,1.0,1.0,1964,0.0,0.0,0.0,1.0,0.0,1.0,2.0,2.0,0.0,1.0,280,0
0.0,0.0017884511609149287,1.0,1.0,2001.0,0.0,1,2.0,0.0,0.0,2011,0.0,0.0,0.0,1.0,1.0,0.0,4.0,0.0,0.0,1.0,281,0
0.0,0.006853891706172589,2.0,3.0,153833.33333333334,0.0,3,6.0,1.0,1.0,2011,0.0,0.0,1.0,1.0,1.0,1.0,3.0,0.0,0.0,1.0,282,0
1.0,0.00022351400495459228,2.0,3.0,15000.0,0.0,1,0.0,0.0,0.0,2007,0.0,0.0,0.0,1.0,0.0,1.0,1.0,2.0,0.0,0.0,283,1
1.0,0.00029574226069974726,2.0,3.0,20001.0,0.0,1,1.0,1.0,0.0,2008,0.0,0.0,0.0,1.0,0.0,1.0,2.0,2.0,0.0,1.0,284,1
1.0,0.02126074673230821,2.0,1.0,100001.0,0.0,1,1.0,1.0,0.0,1991,0.0,0.0,0.0,1.0,0.0,1.0,11.0,0.0,0.0,1.0,285,0
0.0,0.01696497705353274,2.0,1.0,100000.0,0.0,1,4.0,1.0,0.0,2005,0.0,0.0,1.0,1.0,0.0,1.0,6.0,0.0,0.0,0.0,286,0
1.0,0.006701270938903492,1.0,0.0,350000.0,0.0,1,0.0,0.0,0.0,1990,0.0,0.0,0.0,0.0,0.0,0.0,1.0,1.0,0.0,0.0,287,1
0.0,0.0003847797880207999,2.0,0.0,55500.75,0.0,4,0.0,1.0,0.0,2004,1.0,0.0,0.0,1.0,0.0,0.0,11.0,2.0,1.0,1.0,288,1
1.0,0.0047426249525381785,2.0,3.0,30000.0,0.0,2,0.0,1.0,1.0,1984,1.0,0.0,0.0,1.0,0.0,1.0,11.0,0.0,0.0,1.0,289,0
1.0,0.0027492915214475575,2.0,0.0,20000.0,0.0,1,0.0,0.0,0.0,2013,0.0,0.0,0.0,1.0,0.0,0.0,2.0,2.0,0.0,1.0,290,0
1.0,0.0009856297934912692,1.0,3.0,11750.0,1.0,2,1.0,0.0,1.0,1989,1.0,0.0,1.0,1.0,1.0,0.0,0.0,1.0,1.0,0.0,292,1
0.0,0.001200382670297918,2.0,3.0,27500.5,0.0,2,4.0,1.0,0.0,2010,0.0,0.0,1.0,1.0,1.0,1.0,2.0,1.0,0.0,1.0,293,1
0.0,2.91973353225172e-05,0.0,3.0,2166.6666666666665,0.0,3,5.0,1.0,0.0,2011,0.0,0.0,0.0,1.0,0.0,1.0,2.0,2.0,0.0,0.0,294,0
0.0,0.000209778215292814,2.0,2.0,20001.0,0.0,1,5.0,0.0,0.0,2013,0.0,0.0,1.0,1.0,0.0,1.0,2.0,1.0,0.0,1.0,295,0
1.0,0.01555254622499272,2.0,3.0,100000.5,1.0,2,3.0,1.0,0.0,1986,0.0,0.0,1.0,1.0,0.0,1.0,11.0,0.0,0.0,1.0,296,0
1.0,0.0019077490235502087,2.0,3.0,16667.333333333332,0.0,3,4.0,1.0,0.0,2002,0.0,0.0,1.0,1.0,1.0,0.0,11.0,2.0,0.0,0.0,297,1
1.0,0.013771478668937034,2.0,0.0,4500.5,0.0,2,0.0,1.0,0.0,2008,0.0,0.0,0.0,1.0,0.0,0.0,0.0,2.0,0.0,1.0,298,1
0.0,0.0003641154774194117,1.0,1.0,2000.0,0.0,1,1.0,1.0,0.0,2010,0.0,0.0,0.0,1.0,0.0,0.0,0.0,1.0,0.0,0.0,300,0
0.0,0.00019468449791687796,2.0,2.0,3000.5,0.0,2,2.0,0.0,0.0,2011,0.0,0.0,1.0,1.0,1.0,0.0,11.0,0.0,0.0,1.0,302,1
0.0,0.01130564006316924,2.0,1.0,4500.0,1.0,2,0.0,0.0,0.0,2012,1.0,0.0,0.0,1.0,1.0,1.0,1.0,1.0,0.0,1.0,303,0
0.0,0.001385278544503663,2.0,3.0,262500.0,1.0,2,1.0,1.0,1.0,2007,1.0,0.0,0.0,1.0,1.0,1.0,4.0,2.0,0.0,1.0,304,1
0.0,0.00016009330423162485,2.0,3.0,999.0,0.0,2,4.0,1.0,0.0,1982,0.0,0.0,0.0,1.0,0.0,1.0,1.0,0.0,3.0,0.0,305,0
0.0,0.007470222106410893,1.0,0.0,2850.5,0.0,2,0.0,1.0,0.0,1983,0.0,0.0,0.0,1.0,0.0,0.0,0.0,0.0,0.0,0.0,307,1
0.0,0.00028632119485422474,1.0,0.0,20001.0,0.0,1,1.0,1.0,0.0,2013,1.0,0.0,0.0,1.0,0.0,1.0,5.0,1.0,0.0,0.0,308,0
0.0,0.007061088211677627,1.0,2.0,50500.5,0.0,2,1.0,0.0,0.0,2012,0.0,0.0,0.0,1.0,0.0,1.0,11.0,0.0,0.0,0.0,309,0
0.0,0.01995788023108283,2.0,1.0,3500.5,0.0,2,1.0,0.0,1.0,2005,1.0,0.0,0.0,1.0,1.0,0.0,2.0,1.0,2.0,1.0,310,0
1.0,0.00914919704621109,2.0,3.0,100500.5,0.0,2,3.0,1.0,1.0,2010,0.0,0.0,0.0,1.0,1.0,0.0,3.0,0.0,0.0,1.0,311,1
0.0,0.0017935028905508347,2.0,2.0,20000.0,0.0,1,1.0,0.0,0.0,2013,0.0,0.0,0.0,0.0,0.0,1.0,3.0,0.0,0.0,1.0,312,0
0.0,0.002614290014047411,2.0,3.0,200001.0,0.0,1,0.0,1.0,0.0,2013,0.0,0.0,0.0,1.0,0.0,0.0,0.0,1.0,0.0,1.0,313,0
1.0,0.01719485018511018,2.0,3.0,800001.0,0.0,1,0.0,1.0,0.0,2013,1.0,1.0,0.0,1.0,1.0,1.0,8.0,2.0,0.0,1.0,314,0
0.0,0.010806190409095709,2.0,3.0,1005000.5,1.0,2,4.0,1.0,1.0,2011,1.0,0.0,1.0,1.0,1.0,0.0,6.0,0.0,0.0,1.0,316,1
1.0,0.00010836975709401035,2.0,3.0,3999.6666666666665,0.0,3,4.0,1.0,0.0,2010,0.0,0.0,0.0,1.0,1.0,0.0,5.0,1.0,2.0,1.0,317,0
0.0,0.006750703781602023,2.0,2.0,20000.5,0.0,2,1.0,0.0,0.0,2008,1.0,0.0,0.0,1.0,0.0,0.0,11.0,0.0,1.0,1.0,318,0
0.0,1.0489431525459555e-05,0.0,3.0,1000.0,0.0,1,3.0,1.0,0.0,2013,0.0,0.0,0.0,1.0,0.0,1.0,1.0,2.0,0.0,0.0,319,0
0.0,0.0009204508196621729,2.0,1.0,7000.0,0.0,3,0.0,1.0,0.0,2011,0.0,0.0,0.0,1.0,0.0,0.0,11.0,2.0,1.0,1.0,320,0
1.0,0.014193050854040448,2.0,3.0,133428.66666666666,0.0,3,4.0,1.0,0.0,2006,0.0,0.0,0.0,1.0,0.0,1.0,6.0,2.0,0.0,0.0,321,1
0.0,0.0022363817308432717,0.0,0.0,25000.0,0.0,1,5.0,1.0,1.0,2013,0.0,1.0,0.0,1.0,0.0,1.0,1.0,1.0,0.0,0.0,322,0
0.0,0.0002538071061555141,2.0,2.0,9333.666666666666,0.0,3,4.0,1.0,0.0,2011,1.0,0.0,1.0,1.0,1.0,0.0,4.0,0.0,0.0,1.0,323,0
0.0,0.001347646944377447,2.0,3.0,92333.33333333333,0.0,3,3.0,1.0,0.0,2009,0.0,0.0,0.0,1.0,0.0,1.0,1.0,2.0,2.0,0.0,324,0
0.0,0.002735122603044387,2.0,2.0,8200.25,0.0,4,1.0,0.0,0.0,1990,0.0,0.0,1.0,1.0,1.0,0.0,3.0,0.0,1.0,0.0,325,1
0.0,0.0004042982473189566,0.0,2.0,25925.0,0.0,4,4.0,1.0,1.0,2006,0.0,0.0,1.0,1.0,1.0,1.0,1.0,1.0,1.0,1.0,326,0
0.0,0.0032985346540356556,2.0,3.0,33259.0,0.0,4,4.0,1.0,0.0,2007,0.0,0.0,1.0,1.0,1.0,0.0,11.0,1.0,1.0,1.0,327,1
0.0,0.0006235732522375609,0.0,2.0,10750.0,0.0,2,4.0,0.0,0.0,2012,0.0,0.0,0.0,0.0,0.0,1.0,4.0,1.0,0.0,1.0,328,0
0.0,0.01704761936807214,0.0,3.0,89000.0,0.0,3,5.0,1.0,0.0,1992,0.0,0.0,0.0,1.0,1.0,1.0,0.0,1.0,3.0,0.0,329,0
0.0,0.0042623809565164456,2.0,3.0,400900.6,1.0,5,4.0,1.0,0.0,2007,0.0,0.0,0.0,1.0,1.0,0.0,3.0,1.0,1.0,1.0,331,1
0.0,0.008872929761723394,2.0,2.0,34857.142857142855,0.0,7,0.0,1.0,0.0,2007,1.0,0.0,1.0,1.0,1.0,0.0,10.0,1.0,0.0,1.0,332,1
0.0,0.005198505177953603,2.0,3.0,474440.6,0.0,5,3.0,0.0,0.0,2009,0.0,0.0,1.0,1.0,1.0,0.0,1.0,0.0,0.0,1.0,333,0
0.0,3.2597377298705326e-05,0.0,3.0,5730.2,0.0,5,5.0,1.0,0.0,2009,0.0,0.0,0.0,1.0,0.0,1.0,1.0,1.0,0.0,1.0,334,0
1.0,0.0003553800875148177,2.0,3.0,51250.25,0.0,4,0.0,1.0,0.0,2010,0.0,0.0,0.0,1.0,0.0,0.0,2.0,1.0,1.0,1.0,335,0
1.0,0.0037593940387766226,2.0,2.0,166600.0,0.0,5,1.0,1.0,0.0,1988,0.0,0.0,0.0,1.0,0.0,1.0,3.0,1.0,0.0,0.0,336,0
0.0,0.0007030819377259909,2.0,3.0,6572.0,0.0,7,1.0,1.0,0.0,2005,0.0,0.0,0.0,1.0,0.0,0.0,0.0,0.0,0.0,0.0,338,0
1.0,0.003741255139900103,2.0,2.0,14033.666666666666,0.0,6,1.0,1.0,0.0,2008,0.0,0.0,1.0,1.0,1.0,1.0,5.0,0.0,2.0,1.0,339,0
0.0,0.01102289218203505,2.0,3.0,5773.933333333333,0.0,15,1.0,1.0,0.0,1999,0.0,0.0,0.0,1.0,1.0,0.0,3.0,2.0,5.0,1.0,340,0
0.0,5.775074746778051e-05,0.0,3.0,1660.4,1.0,5,5.0,1.0,1.0,2009,1.0,0.0,1.0,1.0,0.0,1.0,1.0,1.0,3.0,1.0,341,0
0.0,4.8142707321884746e-05,0.0,3.0,9714.57142857143,0.0,7,5.0,1.0,1.0,2007,0.0,0.0,0.0,1.0,0.0,1.0,2.0,2.0,0.0,1.0,342,0
0.0,7.198276233851629e-05,0.0,3.0,10357.42857142857,0.0,7,4.0,1.0,0.0,2007,0.0,1.0,0.0,1.0,0.0,1.0,1.0,1.0,3.0,1.0,343,0
1.0,0.000782006204683545,0.0,3.0,9500.0,1.0,8,5.0,1.0,1.0,2006,1.0,0.0,0.0,1.0,1.0,0.0,5.0,0.0,0.0,1.0,344,0
1.0,3.1022372852639433e-06,0.0,2.0,3460.294117647059,0.0,34,4.0,1.0,0.0,1980,0.0,1.0,0.0,1.0,0.0,1.0,2.0,2.0,1.0,1.0,347,0
0.0,0.00021214065338955466,0.0,3.0,1800.0,0.0,2,4.0,1.0,1.0,2000,0.0,0.0,0.0,1.0,1.0,1.0,1.0,0.0,0.0,1.0,348,0
0.0,3.0035163443352564e-05,0.0,0.0,1384.6153846153845,0.0,26,4.0,0.0,0.0,1988,0.0,0.0,0.0,1.0,0.0,1.0,1.0,1.0,3.0,1.0,349,0
0.0,2.136647756897105e-06,0.0,0.0,2127.5862068965516,0.0,29,3.0,1.0,0.0,1985,0.0,0.0,0.0,0.0,1.0,1.0,2.0,2.0,3.0,1.0,351,0
0.0,2.075601013778399e-06,0.0,0.0,2215.3703703703704,0.0,27,4.0,0.0,0.0,1987,0.0,0.0,0.0,0.0,1.0,1.0,2.0,2.0,3.0,1.0,352,0
0.0,3.293292189178823e-05,0.0,3.0,2233.7,0.0,10,3.0,1.0,0.0,2004,0.0,0.0,0.0,1.0,0.0,0.0,0.0,2.0,3.0,0.0,354,0
1.0,4.219279524300037e-05,0.0,3.0,14973.4,0.0,5,6.0,1.0,0.0,1948,0.0,0.0,0.0,0.0,1.0,0.0,2.0,2.0,0.0,1.0,355,0
0.0,0.0007842985682134881,0.0,3.0,17000.0,0.0,1,3.0,0.0,0.0,2013,0.0,0.0,0.0,0.0,0.0,1.0,2.0,0.0,0.0,1.0,356,0
0.0,0.0011053733329197744,0.0,3.0,8150.1,0.0,10,5.0,1.0,1.0,1991,0.0,0.0,1.0,0.0,0.0,1.0,1.0,1.0,0.0,0.0,357,0
0.0,0.0007794604163918394,0.0,3.0,3550.090909090909,0.0,11,4.0,1.0,1.0,2003,0.0,1.0,0.0,1.0,1.0,1.0,3.0,1.0,0.0,1.0,360,1
0.0,0.010712649669142474,0.0,0.0,50000.0,0.0,1,5.0,1.0,0.0,2013,0.0,1.0,0.0,0.0,0.0,1.0,1.0,2.0,0.0,1.0,361,0
0.0,0.000213697645891902,0.0,3.0,4000.0,0.0,1,5.0,0.0,1.0,1955,0.0,0.0,0.0,0.0,0.0,1.0,0.0,1.0,0.0,0.0,362,1
0.0,8.517172209498925e-05,0.0,2.0,716.6666666666666,0.0,6,4.0,0.0,1.0,1998,1.0,0.0,0.0,0.0,1.0,1.0,1.0,1.0,0.0,1.0,363,0
1.0,0.0009510649351566145,0.0,2.0,1419.5,0.0,4,5.0,0.0,0.0,1946,0.0,1.0,0.0,0.0,1.0,0.0,3.0,1.0,5.0,1.0,364,1
1.0,0.007281903091610644,0.0,3.0,13404.5,1.0,8,5.0,0.0,0.0,1950,0.0,1.0,0.0,0.0,1.0,1.0,8.0,2.0,0.0,1.0,366,0
0.0,0.02042139858773097,2.0,3.0,58005.25,0.0,4,1.0,1.0,1.0,1997,0.0,0.0,0.0,1.0,0.0,1.0,0.0,1.0,4.0,0.0,367,0
0.0,0.00013809823375746303,0.0,1.0,50000.0,0.0,1,4.0,1.0,0.0,1946,0.0,0.0,0.0,0.0,0.0,1.0,5.0,0.0,0.0,0.0,368,0
0.0,0.0012639427478537005,0.0,1.0,4773.333333333333,0.0,3,4.0,0.0,0.0,1993,0.0,1.0,0.0,0.0,1.0,1.0,1.0,2.0,3.0,1.0,369,0
1.0,0.0040827096516050845,0.0,3.0,18422.666666666668,0.0,9,4.0,1.0,0.0,1946,0.0,1.0,0.0,0.0,1.0,0.0,3.0,2.0,5.0,1.0,371,1
0.0,0.00024028994007469382,0.0,3.0,13011.875,0.0,8,5.0,1.0,0.0,1962,0.0,0.0,0.0,0.0,0.0,1.0,1.0,0.0,3.0,1.0,373,0
0.0,1.1277994313811123e-06,0.0,0.0,1164.0,0.0,25,3.0,0.0,0.0,1989,0.0,1.0,0.0,0.0,0.0,1.0,1.0,1.0,3.0,1.0,374,0
0.0,1.7151712795664316e-05,0.0,3.0,3270.0,0.0,10,4.0,1.0,0.0,2004,0.0,0.0,0.0,1.0,0.0,1.0,1.0,2.0,3.0,1.0,375,0
0.0,0.0048207721551854635,0.0,3.0,5359.666666666667,0.0,9,4.0,1.0,0.0,1945,0.0,0.0,0.0,0.0,0.0,0.0,3.0,1.0,5.0,0.0,376,0
0.0,6.871096803575192e-05,1.0,2.0,1100.0,0.0,2,0.0,0.0,0.0,1945,0.0,0.0,0.0,0.0,1.0,1.0,1.0,0.0,3.0,1.0,378,0
0.0,1.7076867698243676e-06,0.0,3.0,1902.857142857143,0.0,35,4.0,1.0,0.0,1979,0.0,0.0,0.0,1.0,1.0,1.0,4.0,2.0,3.0,1.0,379,0
0.0,0.006670668456152101,0.0,2.0,12833.5,0.0,6,5.0,1.0,0.0,1945,0.0,0.0,0.0,0.0,0.0,0.0,2.0,1.0,5.0,0.0,380,0
0.0,0.004675510363135405,0.0,3.0,11831.75,0.0,12,5.0,1.0,0.0,1945,0.0,0.0,0.0,0.0,1.0,0.0,8.0,1.0,5.0,1.0,381,0
0.0,2.7910636291164982e-05,0.0,2.0,2323.8571428571427,0.0,21,4.0,0.0,1.0,1992,0.0,1.0,0.0,0.0,1.0,1.0,1.0,1.0,3.0,1.0,382,0
0.0,0.02126074673230821,0.0,1.0,4000.0,0.0,1,3.0,0.0,0.0,1962,0.0,0.0,0.0,0.0,1.0,1.0,1.0,0.0,5.0,0.0,383,0
0.0,4.9363864416246497e-05,0.0,3.0,3187.5,0.0,8,4.0,0.0,0.0,1992,0.0,0.0,0.0,0.0,0.0,1.0,1.0,2.0,0.0,0.0,384,0
0.0,3.422760574065484e-05,0.0,3.0,2611.3333333333335,0.0,9,4.0,1.0,0.0,2005,0.0,1.0,0.0,1.0,0.0,1.0,1.0,2.0,3.0,1.0,385,0
0.0,0.00013073337423341881,0.0,0.0,1397.03125,0.0,32,4.0,1.0,0.0,1982,0.0,1.0,0.0,0.0,1.0,1.0,2.0,1.0,3.0,0.0,386,0
0.0,6.736714059591876e-05,0.0,1.0,1400.0,0.0,1,1.0,0.0,1.0,1992,0.0,0.0,0.0,0.0,0.0,1.0,1.0,2.0,0.0,1.0,387,0
0.0,0.00024937919837483635,0.0,2.0,4687.625,0.0,8,4.0,0.0,0.0,1989,0.0,0.0,0.0,1.0,1.0,1.0,1.0,0.0,0.0,0.0,388,0
0.0,4.7038596856923354e-05,0.0,0.0,765.2173913043479,0.0,23,3.0,1.0,0.0,1991,0.0,0.0,0.0,0.0,1.0,1.0,1.0,0.0,3.0,0.0,390,0
0.0,0.003983477504529863,0.0,1.0,18800.0,0.0,5,4.0,1.0,0.0,1991,0.0,1.0,0.0,0.0,1.0,1.0,1.0,2.0,3.0,1.0,391,0
0.0,0.0004683615265197857,0.0,0.0,2500.0,0.0,2,4.0,1.0,0.0,1991,0.0,0.0,0.0,1.0,1.0,1.0,1.0,2.0,3.0,1.0,392,0
0.0,0.0010380374235396614,0.0,2.0,16750.0,0.0,4,6.0,1.0,0.0,1987,0.0,0.0,0.0,1.0,0.0,1.0,1.0,2.0,0.0,1.0,393,0
0.0,0.0004208624965480592,0.0,0.0,2000.0,0.0,1,4.0,1.0,0.0,2006,0.0,0.0,0.0,1.0,1.0,1.0,1.0,2.0,5.0,1.0,394,0
0.0,0.02126074673230821,0.0,0.0,75000.0,0.0,1,5.0,1.0,0.0,1978,0.0,0.0,0.0,0.0,0.0,1.0,1.0,2.0,5.0,0.0,395,1
0.0,0.001030583632064205,0.0,3.0,2840.2,0.0,5,6.0,1.0,1.0,1993,0.0,0.0,0.0,1.0,1.0,1.0,3.0,2.0,0.0,0.0,396,1
0.0,0.0053690666508564525,0.0,3.0,16385.714285714286,0.0,7,5.0,1.0,1.0,1997,0.0,0.0,0.0,1.0,0.0,1.0,2.0,1.0,0.0,0.0,397,0
0.0,5.428542402953141e-05,0.0,3.0,950.0,0.0,6,4.0,1.0,0.0,1987,0.0,0.0,0.0,0.0,1.0,1.0,1.0,0.0,0.0,0.0,398,0
0.0,6.750352180249518e-05,0.0,1.0,10000.0,0.0,1,4.0,1.0,1.0,1993,1.0,0.0,0.0,0.0,0.0,0.0,1.0,2.0,0.0,1.0,399,0
0.0,0.00663453652347945,0.0,3.0,8000.0,0.0,2,4.0,1.0,1.0,1998,0.0,0.0,0.0,1.0,0.0,1.0,1.0,1.0,0.0,0.0,400,1
0.0,0.0073409785126406,2.0,3.0,107775.25,0.0,4,6.0,1.0,0.0,1946,0.0,1.0,0.0,0.0,1.0,1.0,3.0,2.0,0.0,1.0,401,0
0.0,0.0010501970230110448,0.0,2.0,38666.666666666664,0.0,3,4.0,1.0,1.0,2011,0.0,1.0,1.0,1.0,1.0,1.0,2.0,2.0,0.0,1.0,402,0
0.0,0.0014745982515097728,0.0,3.0,11833.333333333334,0.0,6,5.0,0.0,0.0,1996,0.0,0.0,0.0,0.0,1.0,1.0,1.0,1.0,0.0,0.0,403,0
1.0,0.0006763891090251849,0.0,3.0,13293.333333333334,0.0,15,5.0,1.0,1.0,1948,0.0,1.0,0.0,0.0,0.0,0.0,5.0,2.0,0.0,0.0,405,0
1.0,0.0008925347740289802,0.0,3.0,27371.85185185185,0.0,27,4.0,1.0,0.0,1962,0.0,1.0,0.0,0.0,1.0,0.0,2.0,2.0,0.0,0.0,406,0
1.0,0.0006473560311411886,0.0,3.0,28857.384615384617,0.0,26,6.0,1.0,0.0,1988,0.0,1.0,1.0,0.0,0.0,0.0,1.0,2.0,0.0,0.0,407,0
1.0,0.0005487473915757741,0.0,3.0,18440.575757575756,1.0,66,5.0,1.0,1.0,1948,0.0,1.0,1.0,0.0,1.0,0.0,5.0,2.0,3.0,1.0,408,0
0.0,3.6461134289746914e-05,0.0,3.0,625.0,0.0,2,4.0,1.0,0.0,1964,0.0,0.0,0.0,1.0,1.0,1.0,1.0,0.0,0.0,0.0,409,0
0.0,0.0014237550588689484,0.0,3.0,71630.8,0.0,5,5.0,1.0,1.0,1998,0.0,0.0,0.0,1.0,1.0,1.0,2.0,0.0,0.0,1.0,410,0
0.0,0.0017014279638495051,0.0,1.0,27500.0,0.0,1,4.0,1.0,0.0,1994,0.0,0.0,0.0,1.0,1.0,1.0,1.0,2.0,3.0,1.0,412,0
1.0,0.00046905911129469435,0.0,3.0,2500.0,0.0,5,6.0,1.0,0.0,1960,0.0,1.0,0.0,0.0,1.0,1.0,0.0,2.0,0.0,1.0,413,0
0.0,0.002516616639257175,0.0,3.0,1345000.0,0.0,4,6.0,1.0,1.0,1946,1.0,0.0,0.0,0.0,1.0,1.0,1.0,2.0,0.0,1.0,425,1
0.0,0.002661175574027341,0.0,0.0,2000.0,0.0,1,0.0,0.0,1.0,1987,0.0,0.0,0.0,0.0,0.0,0.0,1.0,0.0,0.0,0.0,426,1
0.0,3.717251248944368e-05,0.0,3.0,977.7777777777778,0.0,18,4.0,0.0,0.0,1996,0.0,1.0,0.0,0.0,1.0,1.0,1.0,1.0,0.0,0.0,427,0
1.0,0.001984308086462612,0.0,3.0,6000.0,0.0,1,4.0,0.0,1.0,1946,1.0,0.0,0.0,0.0,0.0,1.0,1.0,0.0,0.0,1.0,432,1
0.0,0.00028075111323172704,0.0,3.0,3116.6666666666665,0.0,6,4.0,1.0,0.0,2005,0.0,1.0,0.0,1.0,1.0,1.0,2.0,2.0,0.0,0.0,433,0
0.0,0.01835286157645303,0.0,3.0,73000.0,0.0,1,3.0,1.0,0.0,2008,0.0,0.0,0.0,1.0,1.0,1.0,1.0,2.0,3.0,1.0,434,1
0.0,0.0033819757638307866,0.0,1.0,7000.0,0.0,1,3.0,1.0,0.0,2001,0.0,0.0,0.0,1.0,1.0,1.0,1.0,2.0,3.0,1.0,435,0
